{"1": 0.5, "2": 0, "3": 0, "4": 0, "5": 0, "6": 0.3333333333333333, "7": 0, "8": 0.16666666666666666}