{"1": 0.1111111111111111, "2": 0, "3": 0, "4": 0, "5": 0, "6": 0.5555555555555556, "7": 0.3333333333333333, "8": 0}