{"1": 0, "2": 0.16666666666666666, "3": 0, "4": 0.5, "5": 0.3333333333333333, "6": 0, "7": 0, "8": 0}