{"1": 0, "2": 0.7142857142857143, "3": 0, "4": 0, "5": 0.2857142857142857, "6": 0, "7": 0, "8": 0}