{"1": 0.42857142857142855, "2": 0, "3": 0.2857142857142857, "4": 0, "5": 0, "6": 0.14285714285714285, "7": 0, "8": 0.14285714285714285}