{"1": 0, "2": 0, "3": 0, "4": 0, "5": 0, "6": 0, "7": 0, "8": 0, "8": 0.14285714285714285, "3": 0.14285714285714285, "1": 0.2857142857142857, "7": 0.42857142857142855}