{"1": 0, "2": 0.3333333333333333, "3": 0, "4": 0, "5": 0, "6": 0.3333333333333333, "7": 0.3333333333333333, "8": 0}