{"1": 0.06666666666666667, "2": 0, "3": 0.13333333333333333, "4": 0.06666666666666667, "5": 0.06666666666666667, "6": 0, "7": 0.13333333333333333, "8": 0.5333333333333333}