{"1": 0, "2": 0, "3": 0, "4": 0.1111111111111111, "5": 0, "6": 0.8888888888888888, "7": 0, "8": 0}