{"1": 0, "2": 0, "3": 0, "4": 0.2857142857142857, "5": 0, "6": 0.42857142857142855, "7": 0.2857142857142857, "8": 0}