{"1": 0, "2": 0.041666666666666664, "3": 0, "4": 0, "5": 0, "6": 0.9583333333333334, "7": 0, "8": 0}