{"1": 0, "2": 0.45454545454545453, "3": 0.5454545454545454, "4": 0, "5": 0, "6": 0, "7": 0, "8": 0}