{"1": 0.3333333333333333, "2": 0, "3": 0, "4": 0, "5": 0, "6": 0.16666666666666666, "7": 0.5, "8": 0}