{"1": 0.4444444444444444, "2": 0, "3": 0, "4": 0, "5": 0, "6": 0.2222222222222222, "7": 0.3333333333333333, "8": 0}