{"1": 0, "2": 0, "3": 0, "4": 0, "5": 0, "6": 0, "7": 0, "8": 0, "7": 0.6666666666666666, "2": 0.1111111111111111, "1": 0.2222222222222222}