{"1": 0, "2": 0, "3": 0, "4": 0, "5": 0, "6": 0.4444444444444444, "7": 0.5555555555555556, "8": 0}