{"1": 0, "2": 0, "3": 0.16666666666666666, "4": 0, "5": 0, "6": 0.6666666666666666, "7": 0, "8": 0.16666666666666666}