{"1": 0, "2": 0.13333333333333333, "3": 0.06666666666666667, "4": 0, "5": 0.13333333333333333, "6": 0, "7": 0.6, "8": 0.06666666666666667}