{"1": 0, "2": 0, "3": 0.2222222222222222, "4": 0, "5": 0, "6": 0.7777777777777778, "7": 0, "8": 0}