{"1": 0, "2": 0.5714285714285714, "3": 0, "4": 0, "5": 0, "6": 0.42857142857142855, "7": 0, "8": 0}