{"1": 0, "2": 0, "3": 0, "4": 0, "5": 0, "6": 0, "7": 0, "8": 0, "7": 0.42857142857142855, "1": 0.42857142857142855, "3": 0.14285714285714285}