{"1": 0.2857142857142857, "2": 0.2857142857142857, "3": 0, "4": 0.14285714285714285, "5": 0, "6": 0, "7": 0.2857142857142857, "8": 0}