{"1": 0, "2": 0, "3": 0.9090909090909091, "4": 0, "5": 0.09090909090909091, "6": 0, "7": 0, "8": 0}