{"1": 0, "2": 0, "3": 0, "4": 0, "5": 0, "6": 0, "7": 0, "8": 0, "7": 0.3333333333333333, "6": 0.5555555555555556, "1": 0.1111111111111111}