{"1": 0.2857142857142857, "2": 0.14285714285714285, "3": 0, "4": 0, "5": 0, "6": 0.5714285714285714, "7": 0, "8": 0}