{"1": 0, "2": 0, "3": 0, "4": 0, "5": 0, "6": 0, "7": 0, "8": 0, "8": 0.14285714285714285, "5": 0.14285714285714285, "2": 0.5714285714285714, "3": 0.14285714285714285}