{"1": 0, "2": 0.5, "3": 0.16666666666666666, "4": 0, "5": 0, "6": 0, "7": 0.3333333333333333, "8": 0}