{"1": 0, "2": 0, "3": 0, "4": 0, "5": 0, "6": 0, "7": 0, "8": 0, "6": 0.42857142857142855, "4": 0.2857142857142857, "7": 0.2857142857142857}