{"1": 0, "2": 0, "3": 0.14285714285714285, "4": 0, "5": 0, "6": 0.8571428571428571, "7": 0, "8": 0}