{"1": 0, "2": 0.7142857142857143, "3": 0, "4": 0, "5": 0.14285714285714285, "6": 0, "7": 0.14285714285714285, "8": 0}