{"1": 0, "2": 0, "3": 0, "4": 0, "5": 0, "6": 0, "7": 0, "8": 0, "3": 0.18181818181818182, "4": 0.36363636363636365, "6": 0.18181818181818182, "5": 0.2727272727272727}