{"1": 0, "2": 0, "3": 0, "4": 0, "5": 0, "6": 0, "7": 0, "8": 0, "1": 0.06666666666666667, "7": 0.13333333333333333, "3": 0.13333333333333333, "5": 0.06666666666666667, "8": 0.5333333333333333, "4": 0.06666666666666667}