{"1": 0, "2": 0, "3": 0, "4": 0.3333333333333333, "5": 0.3333333333333333, "6": 0.3333333333333333, "7": 0, "8": 0}