token,relfreq
team,49.953170589379496
drop,28.665110549179797
safe,27.822019062439214
coming,27.822019062439214
v,26.978927575698634
challenge,26.557381832328343
during,25.292744602217468
moots,22.510542695973548
vs,20.740050573818326
luck,20.655741425144267
