token,relfreq
imagine,55.51684955522368
crazy,26.43659502629699
sense,25.775680150639566
told,22.47110577235245
details,21.81019089669502
dude,21.81019089669502
room,19.827446269722742
tiny,19.827446269722742
kept,19.16653139406532
active,18.285311559855423
