token,relfreq
imagine,22.569290465631926
horrible,21.88537257273399
survive,21.88537257273399
id,20.06159152500616
early,18.465783108244302
ha,15.730111536652554
details,15.046193643754618
meant,15.046193643754618
return,14.362275750856682
breathe,13.678357857958744
