token,relfreq
safe,30.04297464649888
ain,24.0343797171991
coming,22.031514740765846
zero,21.030082252549214
beautiful,17.52506854379101
police,17.024352299682697
hi,14.270412957086968
favorite,13.686244005627268
ha,12.01718985859955
thank,11.494703343008265
