token,relfreq
might,59.60352422907489
fun,54.101660454083365
real,40.347001016604544
anything,27.509318874957646
forget,25.904608607251777
words,23.841409691629956
exciting,22.007455099966116
absolutely,20.631989156218232
waiting,19.25652321247035
code,16.505591324974585
